university_name,fidelity
University of Oxford,-0.2606495075584405
Stanford University,-0.2606495075584405
Harvard University,-0.19464146329539744
California Institute of Technology,-0.2606495075584405
Massachusetts Institute of Technology,-0.2606495075584405
University of Cambridge,0.0
University of California Berkeley,-0.2606495075584405
Yale University,-0.19464146329539744
Princeton University,-0.19464146329539744
The University of Chicago,-0.19464146329539744
Imperial College London,0.0
Johns Hopkins University,-0.2606495075584405
University of Pennsylvania,-0.2606495075584405
ETH Zurich,0.0
University of California Los Angeles,-0.19464146329540455
UCL,0.0
Columbia University,-0.19464146329539744
University of Toronto,-0.2606495075584405
Cornell University,-0.19464146329539744
Duke University,-0.2606495075584405
Tsinghua University,-0.2606495075584405
University of Michigan-Ann Arbor,-0.19464146329539744
Peking University,-0.2606495075584405
Northwestern University,-0.2606495075584405
National University of Singapore,0.0
New York University,-0.19464146329539744
London School of Economics and Political Science,0.0
Carnegie Mellon University,-0.26064950755845473
University of Washington,-0.19464146329539744
University of Edinburgh,0.0
University of Melbourne,0.0
LMU Munich,-0.2606495075584405
University of California San Diego,-0.2606495075584405
University of British Columbia,0.0
King’s College London,0.0
Karolinska Institute,0.0
The University of Tokyo,-0.26064950755845473
Georgia Institute of Technology,-0.2606495075584405
University of Hong Kong,0.0
McGill University,0.0
Technical University of Munich,-0.2606495075584405
Heidelberg University,-0.2606495075584405
École Polytechnique Fédérale de Lausanne,0.0
University of Texas at Austin,-0.19464146329539744
KU Leuven,-0.2606495075584405
Paris Sciences et Lettres – PSL Research University Paris,-0.2606495075584405
Nanyang Technological University Singapore,0.0
University of Illinois at Urbana-Champaign,-0.19464146329541876
University of Wisconsin-Madison,-0.19464146329539744
Washington University in St Louis,-0.19464146329539744
University of Manchester,0.0
University of Sydney,0.0
University of Southern California,-0.19464146329539744
Boston University,-0.19464146329539744
Kyoto University,-0.26064950755845473
Chinese University of Hong Kong,0.0
The Hong Kong University of Science and Technology,0.0
University of North Carolina at Chapel Hill,-0.19464146329539744
Australian National University,0.0
Seoul National University,-0.2606495075584405
Brown University,-0.19464146329539744
The University of Queensland,0.0
Wageningen University & Research,-0.2606495075584405
University of California Davis,-0.19464146329539744
Monash University,0.0
University of Amsterdam,0.0
UNSW Sydney,0.0
University of California Santa Barbara,-0.2606495075584405
McMaster University,-0.2606495075584405
Fudan University,-0.19464146329540455
Leiden University,0.0
Erasmus University Rotterdam,0.0
University of Montreal,0.0
University of Zurich,0.0
Charité - Universitätsmedizin Berlin,-0.2606495075584405
Utrecht University,-0.2606495075584405
University of Warwick,0.0
Delft University of Technology,0.0
University of Tübingen,-0.2606495075584405
University of Groningen,0.0
Humboldt University of Berlin,-0.2606495075584405
Ohio State University (Main campus),-0.19464146329539744
University of Freiburg,-0.2606495075584405
University of Copenhagen,0.0
Emory University,-0.1946414632954081
University of Minnesota,-0.2606495075584405
École Polytechnique,0.0
University of Science and Technology of China,-0.2606495075584405
Sorbonne University,-0.2606495075584405
University of Maryland College Park,-0.19464146329540455
University of Bristol,0.0
University of Basel,0.0
University of Glasgow,0.0
Purdue University West Lafayette,-0.2606495075584476
Zhejiang University,-0.2606495075584405
Korea Advanced Institute of Science and Technology (KAIST),-0.2606495075584476
National Taiwan University (NTU),-0.2606495075584405
University of California Irvine,0.0
University of Helsinki,-0.19464146329539744
Shanghai Jiao Tong University,-0.2606495075584476
Dartmouth College,-0.19464146329539744
Sungkyunkwan University (SKKU),-0.2606495075584405
Ghent University,-0.2606495075584405
Lund University,0.0
Michigan State University,-0.2606495075584476
Aarhus University,0.0
University of Birmingham,0.0
RWTH Aachen University,-0.2606495075584405
University of Bern,0.0
Queen Mary University of London,0.0
Nanjing University,-0.2606495075584476
Uppsala University,-0.2606495075584405
Vanderbilt University,-0.19464146329539744
University of Bonn,-0.2606495075584476
Penn State (Main campus),-0.19464146329539744
Vrije Universiteit Amsterdam,0.0
University of Virginia (Main campus),-0.19464146329539744
University of Adelaide,0.0
Free University of Berlin,0.0
Georgetown University,-0.19464146329539744
Case Western Reserve University,-0.19464146329539744
Maastricht University,0.0
University of Sheffield,0.0
University of Arizona,-0.19464146329539744
Rice University,0.0
City University of Hong Kong,0.0
University of Oslo,0.0
University of Southampton,0.0
Hong Kong Polytechnic University,0.0
University of Göttingen,-0.2606495075584405
University of Alberta,0.0
University of Colorado Boulder,-0.19464146329539744
University of Pittsburgh-Pittsburgh campus,-0.194641463295401
University of York,0.0
University of Hamburg,-0.2606495075584405
Lancaster University,0.0
University of Paris,-0.2606495075584405
Radboud University Nijmegen,0.0
The University of Western Australia,0.0
Indiana University,-0.19464146329539744
University of Mannheim,-0.2606495075584405
Technical University of Berlin,-0.2606495075584405
Ulm University,-0.2606495075584405
University of Würzburg,-0.2606495075584476
University of Cologne,-0.2606495075584405
University of Ottawa,0.0
University of Auckland,0.0
University of Rochester,0.0
Durham University,0.0
University of Geneva,0.0
Pohang University of Science and Technology (POSTECH),-0.2606495075584405
University of Florida,-0.19464146329539744
Pompeu Fabra University,-0.2606495075584405
TU Dresden,-0.2606495075584405
University of Cape Town,0.0
Trinity College Dublin,0.0
Tufts University,-0.19464146329539744
Bielefeld University,-0.2606495075584405
University of Nottingham,0.0
University of Leeds,0.0
University of Sussex,0.0
University of Technology Sydney,0.0
University of Liverpool,0.0
Université Catholique de Louvain,0.0
University of Vienna,0.0
Rutgers the State University of New Jersey,-0.19464146329539744
University of Bologna,-0.194641463295401
Korea University,-0.2606495075584405
University of Alabama at Birmingham,-0.2606495075584405
University of Antwerp,-0.2606495075584405
University of Leicester,0.0
University of Notre Dame,-0.2606495075584405
Sant’Anna School of Advanced Studies – Pisa,-0.2606495075584405
University of Exeter,0.0
Lomonosov Moscow State University,-0.2606495075584405
Northeastern University,0.0
Ulsan National Institute of Science and Technology (UNIST),-0.2606495075584476
University of Aberdeen,0.0
Newcastle University,0.0
Paris-Saclay University,-0.2606495075584405
Scuola Normale Superiore di Pisa,-0.2606495075584405
Autonomous University of Barcelona,0.0
Stockholm University,0.0
Arizona State University (Tempe),-0.2606495075584405
University of Canberra,0.0
Queensland University of Technology,0.0
Eindhoven University of Technology,0.0
George Washington University,-0.2606495075584476
Technical University of Denmark,0.0
Yonsei University (Seoul campus),-0.2606495075584476
Cardiff University,0.0
University of Gothenburg,0.0
University of Lausanne,0.0
Tel Aviv University,-0.19464146329539744
Macquarie University,0.0
University of Münster,-0.19464146329540455
Texas A&M University,-0.19464146329539744
University of Barcelona,-0.19464146329539744
University of Erlangen-Nuremberg,-0.2606495075584476
University of Calgary,0.0
University of East Anglia,0.0
Queen’s University Belfast,0.0
Aalborg University,0.0
Aalto University,0.0
University of Bath,0.0
University of Bergen,0.0
Brandeis University,-0.2606495075584405
University of California Santa Cruz,-0.2606495075584405
Chalmers University of Technology,0.0
Copenhagen Business School,0.0
Curtin University,0.0
University of Duisburg-Essen,-0.2606495075584405
University of Dundee,0.0
Griffith University,0.0
University of Hawai’i at Mānoa,0.0
Hebrew University of Jerusalem,-0.2606495075584405
University of Hohenheim,-0.19464146329539744
Howard University,-0.2606495075584405
University of Iowa,-0.19464146329539744
James Cook University,0.0
Karlsruhe Institute of Technology,-0.2606495075584476
King Abdulaziz University,0.0
KTH Royal Institute of Technology,0.0
La Trobe University,0.0
Université Libre de Bruxelles,0.0
University of Luxembourg,0.0
University of Massachusetts,0.0
Medical University of Graz,0.0
Medical University of Innsbruck,0.0
Medical University of Vienna,0.0
University of Miami,-0.2606495075584405
Moscow Institute of Physics and Technology (MIPT),-0.2606495075584405
University of Otago,0.0
RCSI University of Medicine and Health Sciences,0.0
University of Reading,0.0
St George’s University of London,0.0
University of São Paulo,-0.19464146329540455
Sapienza University of Rome,-0.194641463295401
University of South Florida (Tampa),-0.2606495075584405
University of St Andrews,0.0
Télécom Paris,0.0
Tilburg University,0.0
Tohoku University,-0.2606495075584476
University of Twente,0.0
University of Utah,-0.2606495075584405
Virginia Polytechnic Institute and State University,-0.19464146329539744
University of Waterloo,0.0
Western University,0.0
University of the Witwatersrand,-0.2606495075584405
University of Wollongong,0.0
Alfaisal University,0.0
Auckland University of Technology,0.0
Australian Catholic University,0.0
Brighton and Sussex Medical School,0.0
University at Buffalo,0.0
University of California Riverside,0.0
University of Cincinnati,-0.19464146329539744
Dalhousie University,0.0
Deakin University,0.0
École des Ponts ParisTech,0.0
École Normale Supérieure de Lyon,0.0
Flinders University,0.0
Florida State University,-0.19464146329539744
Friedrich Schiller University Jena,0.0
George Mason University,-0.19464146329539744
Goethe University Frankfurt,0.0
HSE University,-0.2606495075584405
University of Illinois at Chicago,-0.2606495075584405
Jacobs University,0.0
University of Kiel,-0.2606495075584476
University of Konstanz,0.0
Kyung Hee University,-0.2606495075584405
Université Laval,0.0
Macau University of Science and Technology,0.0
University of Navarra,0.0
University of Newcastle,0.0
University of New Mexico (Main campus),-0.2606495075584405
Nova Southeastern University,-0.2606495075584476
Oregon Health and Science University,0.0
University of Padua,-0.194641463295401
University of Potsdam,-0.2606495075584476
Queen’s University,0.0
Ruhr University Bochum,-0.2606495075584405
Simon Fraser University,0.0
University of Southern Denmark,0.0
Southern University of Science and Technology (SUSTech),-0.2606495075584405
State University of New York Albany,-0.19464146329539744
Stellenbosch University,-0.2606495075584476
Sun Yat-sen University,-0.2606495075584405
University of Surrey,0.0
Swansea University,0.0
University of Tartu,-0.2606495075584405
Università della Svizzera Italiana,0.0
University College Dublin,0.0
Vita-Salute San Raffaele University,-0.2606495075584405
Vrije Universiteit Brussel,0.0
Wake Forest University,-0.2606495075584405
Western Sydney University,0.0
William & Mary,-0.2606495075584405
American University of Beirut,0.0
Anglia Ruskin University ARU,0.0
Autonomous University of Madrid,-0.2606495075584405
Beijing Normal University,-0.2606495075584405
Boston College,-0.2606495075584476
University of California Merced,-0.194641463295401
University of Colorado Denver,0.0
Cyprus University of Technology,0.0
University of Delaware,-0.2606495075584476
University of Essex,0.0
University of Greifswald,-0.19464146329539744
Huazhong University of Science and Technology,-0.2606495075584405
Illinois Institute of Technology,0.0
Indian Institute of Science,-0.2606495075584405
Johannes Gutenberg University of Mainz,-0.2606495075584405
University of Kent,0.0
University of Klagenfurt,0.0
Kurdistan University of Medical Sciences,0.0
University of Macau,0.0
University of Malaya,0.0
University of Marburg,-0.2606495075584405
Montpellier University,0.0
National University of Ireland Galway,0.0
North Carolina State University,0.0
University of Oregon,-0.2606495075584405
University of Oulu,-0.2606495075584405
University of Passau,0.0
Peter the Great St Petersburg Polytechnic University,-0.2606495075584405
Qatar University,0.0
Reykjavík University,0.0
RMIT University,0.0
Royal Holloway University of London,0.0
Rush University,0.0
Sejong University,-0.19464146329539744
University of South Australia,0.0
University of Stirling,0.0
Stony Brook University,0.0
Syracuse University,-0.2606495075584405
Taipei Medical University,-0.2606495075584405
Tampere University,-0.2606495075584476
Technical University of Darmstadt,-0.2606495075584405
Temple University,-0.2606495075584476
The University of Tennessee-Knoxville,-0.194641463295401
University of Texas at Dallas,0.0
Tokyo Institute of Technology,-0.2606495075584405
University of Trento,0.0
Tulane University,-0.2606495075584405
United Arab Emirates University,0.0
University College Cork,0.0
Washington State University,-0.19464146329539744
Wuhan University,-0.2606495075584405
Aix-Marseille University,0.0
Babol Noshirvani University of Technology,0.0
University of Bayreuth,0.0
Birkbeck University of London,0.0
Universiti Brunei Darussalam,0.0
Brunel University London,0.0
Catholic University of Portugal,-0.2606495075584405
Central South University,0.0
City University of London,0.0
University of Crete,-0.19464146329539744
Drexel University,-0.19464146329539744
East China Normal University,0.0
University of Fribourg,0.0
Grenoble Alpes University,0.0
Hanyang University,-0.2606495075584405
Hasselt University,0.0
Heriot-Watt University,0.0
Hong Kong Baptist University,0.0
IMT Atlantique,0.0
Indian Institute of Technology Ropar,0.0
University of Innsbruck,0.0
University of Kansas,-0.19464146329539744
Khalifa University,0.0
University of KwaZulu-Natal,-0.2606495075584405
Lappeenranta-Lahti University of Technology LUT,0.0
University of Liège,0.0
Loughborough University,0.0
University of Manitoba,-0.2606495075584405
University of Milan,-0.2606495075584405
University of Milan-Bicocca,-0.19464146329539744
Nagoya University,-0.2606495075584405
Nankai University,0.0
National Tsing Hua University,-0.2606495075584476
Northumbria University,0.0
NOVA University of Lisbon,0.0
University of Occupational and Environmental Health Japan,0.0
Örebro University,-0.2606495075584476
Osaka University,-0.2606495075584405
Politecnico di Milano,-0.2606495075584405
University of Stuttgart,-0.2606495075584405
Swedish University of Agricultural Sciences,-0.2606495075584405
Swinburne University of Technology,0.0
University of Tasmania,0.0
University of Turku,-0.2606495075584476
UiT The Arctic University of Norway,0.0
Umeå University,0.0
Université de Versailles Saint-Quentin-en-Yvelines,0.0
Victoria University,0.0
University of Victoria,0.0
Wayne State University,-0.2606495075584405
Aberystwyth University,0.0
University of Alaska Fairbanks,0.0
American University,0.0
Aston University,0.0
Aswan University,-0.19464146329539744
Bangor University,0.0
University of Bari Aldo Moro,-0.2606495075584405
Bauman Moscow State Technical University,0.0
University of Bordeaux,0.0
Bournemouth University,0.0
University of Bremen,0.0
University of Brescia,-0.194641463295401
University of Campinas,0.0
Cankaya University,-0.19464146329539744
University of Canterbury,0.0
Centrale Nantes,0.0
CEU Universities,-0.19464146329539744
Charles University in Prague,0.0
China Medical University Taiwan,-0.2606495075584476
Clark University,-0.2606495075584405
Colorado School of Mines,-0.19464146329539744
Colorado State University Fort Collins,-0.2606495075584405
University of Connecticut,-0.2606495075584405
University of Denver,0.0
University of Desarrollo,-0.194641463295401
Diego Portales University,-0.19464146329539744
Durban University of Technology,-0.194641463295401
University of Eastern Finland,-0.2606495075584405
Edith Cowan University,0.0
Federal University of Toulouse Midi-Pyrénées,0.0
University of Florence,-0.194641463295401
Florida International University,-0.2606495075584405
Free University of Bozen-Bolzano,0.0
University of Genoa,-0.19464146329539744
University of Georgia,-0.2606495075584476
Georgia State University,0.0
Goldsmiths University of London,0.0
Harbin Institute of Technology,-0.2606495075584405
Hunan University,0.0
University of Ibadan,-0.2606495075584405
University of Iceland,0.0
Indian Institute of Technology Indore,0.0
Iowa State University,0.0
Jordan University of Science and Technology,-0.2606495075584405
Justus Liebig University Giessen,-0.2606495075584405
University of Jyväskylä,-0.2606495075584476
University of Kentucky,0.0
King Saud University,0.0
Koç University,-0.2606495075584405
Kyushu University,-0.2606495075584405
Linköping University,0.0
L’institut Agro,0.0
Liverpool John Moores University,0.0
Makerere University,-0.2606495075584405
Mansoura University,-0.194641463295401
Maynooth University,0.0
Middlesex University,0.0
Missouri University of Science and Technology,0.0
Mizzou - University of Missouri,-0.2606495075584476
University of Modena and Reggio Emilia,-0.2606495075584405
University of Naples Federico II,0.0
National and Kapodistrian University of Athens,-0.2606495075584405
National Research Nuclear University MEPhI,-0.2606495075584476
National Yang-Ming University,0.0
University of Nebraska-Lincoln,0.0
University of Neuchâtel,0.0
Norwegian University of Science and Technology,0.0
Oklahoma State University,-0.2606495075584476
Oregon State University,-0.2606495075584405
University of Pavia,-0.2606495075584405
University of Peradeniya,-0.194641463295401
University of the Philippines,-0.2606495075584405
University of Pisa,-0.2606495075584405
University of Plymouth,0.0
Polytechnic University of Bari,-0.2606495075584476
Pontifical Javeriana University,-0.19464146329539744
University of Porto,0.0
University of Rome II – Tor Vergata,-0.2606495075584405
Royal Veterinary College,0.0
University of St Gallen,0.0
Saint-Petersburg Mining University,-0.2606495075584476
University of Salerno,-0.2606495075584405
University of Sannio,0.0
University of Saskatchewan,0.0
Semmelweis University,0.0
Sharif University of Technology,0.0
Shenzhen University,-0.2606495075584405
University of Siena,-0.2606495075584405
University of South Carolina-Columbia,-0.2606495075584405
South China University of Technology,-0.2606495075584405
SRUC (Scotland’s Rural College),-0.2606495075584405
University of Strathclyde,0.0
Technion Israel Institute of Technology,0.0
Tianjin University,-0.2606495075584405
Tokyo Medical and Dental University (TMDU),0.0
Tongji University,-0.2606495075584476
University of Tsukuba,-0.19464146329539744
TU Dortmund University,-0.19464146329539744
The University of Tulsa,-0.2606495075584405
University of Turin,-0.19464146329539744
TU Wien,0.0
University of Valencia,-0.2606495075584405
Verona University,-0.2606495075584405
University of the West of England,0.0
Xi’an Jiaotong University,-0.2606495075584476
York University,0.0
Abdul Wali Khan University Mardan,-0.19464146329539744
Amirkabir University of Technology,0.0
University of L’Aquila,0.0
Universidad Autónoma de Chile,-0.2606495075584405
Bar-Ilan University,-0.2606495075584405
Beihang University,-0.2606495075584476
Beijing University of Chemical Technology,0.0
Beijing Institute of Technology,0.0
Binghamton University State University of New York,-0.2606495075584476
Bond University,0.0
Carleton University,0.0
University of Catania,0.0
CentraleSupélec,0.0
Charles Darwin University,0.0
Claude Bernard University Lyon 1,0.0
Complutense University of Madrid,-0.2606495075584405
University of Costa Rica,-0.19464146329539744
University of Côte d’Azur,0.0
University of Cyprus,0.0
Dublin City University,0.0
University of Electronic Science and Technology of China,0.0
Ferhat Abbas Sétif University 1,-0.2606495075584405
University of Ferrara,-0.2606495075584405
Fujita Health University,0.0
Graz University of Technology,0.0
University of Guelph,0.0
Gwangju Institute of Science and Technology,-0.2606495075584405
Hacettepe University,0.0
Hofstra University,0.0
Hokkaido University,-0.2606495075584476
University of Houston,-0.2606495075584405
University of Hull,0.0
University of Insubria,-0.2606495075584405
Iran University of Medical Sciences,0.0
Iran University of Science and Technology,0.0
ITMO University,0.0
Jagiellonian University,-0.2606495075584405
University of Kashan,0.0
Keele University,0.0
King Fahd University of Petroleum and Minerals,0.0
King Khalid University,0.0
Lagos State University,-0.2606495075584476
Leibniz University Hannover,-0.2606495075584405
University of Limerick,0.0
University of Lincoln,0.0
University of Lisbon,0.0
Louisiana State University,0.0
Lviv Polytechnic National University,0.0
Mashhad University of Medical Sciences,0.0
Memorial University of Newfoundland,0.0
University of Messina,0.0
University of Montana,0.0
Murdoch University,0.0
National Cheng Kung University (NCKU),-0.2606495075584405
National Chiao Tung University,-0.2606495075584476
National Taiwan University of Science and Technology (Taiwan Tech),-0.2606495075584405
University of Nebraska Medical Center,-0.2606495075584405
New Jersey Institute of Technology,0.0
Northern Arizona University,-0.2606495075584405
North-West University,-0.19464146329539744
Northwestern Polytechnical University,0.0
Universidad Peruana Cayetano Heredia,-0.19464146329540455
Polytechnic University of Turin,-0.2606495075584405
Pontifical Catholic University of Chile,-0.2606495075584405
University of Portsmouth,0.0
Quaid-i-Azam University,-0.2606495075584405
Renmin University of China,0.0
Rensselaer Polytechnic Institute,0.0
Sabancı University,-0.2606495075584476
University of Sassari,0.0
Sciences Po,0.0
SOAS University of London,0.0
Soochow University,0.0
Southeast University,-0.2606495075584405
University of Southern Queensland,0.0
Southwestern University of Finance and Economics,-0.19464146329539744
Stevens Institute of Technology,0.0
University of Strasbourg,0.0
Suez Canal University,-0.19464146329539744
Sumy State University,-0.19464146329539744
University of Tehran,0.0
Tehran University of Medical Sciences,0.0
Teikyo University,0.0
Télécom SudParis,0.0
The University of Texas at San Antonio,-0.2606495075584476
Tomsk State University,0.0
University of Trieste,-0.2606495075584405
Universiti Tunku Abdul Rahman (UTAR),0.0
University of Tuscia,-0.2606495075584476
University of Urbino Carlo Bo,-0.19464146329539744
Victoria University of Wellington,0.0
University of Waikato,0.0
The University of the West Indies,-0.2606495075584405
University of the West of Scotland,0.0
Xiamen University,0.0
Zhejiang Normal University,-0.2606495075584405
Åbo Akademi University,0.0
The University of Aizu,0.0
Ajou University,0.0
University of Alabama,0.0
University of Alabama in Huntsville,-0.2606495075584405
Al-Balqa Applied University,-0.19464146329539922
Amedeo Avogadro University of Eastern Piedmont,-0.2606495075584405
University of Antofagasta,-0.2606495075584405
Aristotle University of Thessaloniki,-0.2606495075584476
University of Arkansas,0.0
Athens University of Economics and Business,-0.26064950755844407
Auburn University,-0.2606495075584405
University of Aveiro,0.0
University of the Balearic Islands,-0.2606495075584405
Banaras Hindu University,0.0
University of Beira Interior,0.0
University of Belgrade,0.0
University of Bergamo,0.0
Bilkent University,0.0
Birmingham City University,0.0
Boğaziçi University,0.0
Université Bourgogne Franche-Comté (UBFC),0.0
University of Bradford,0.0
University of Brighton,0.0
Bucharest University of Economic Studies,0.0
Ca’ Foscari University of Venice,-0.2606495075584405
Cairo University,0.0
University of Calabria,-0.2606495075584476
University of Central Florida,0.0
Chapman University,0.0
Institute of Chemical Technology,0.0
China Agricultural University,0.0
China University of Petroleum Beijing,0.0
Chongqing University,0.0
Chulalongkorn University,-0.2606495075584405
Chung-Ang University,-0.2606495075584405
Clemson University,0.0
University of Clermont Auvergne,0.0
University of Coimbra,0.0
COMSATS University Islamabad,-0.2606495075584405
Concordia University,0.0
Coventry University,0.0
Creighton University,0.0
Dalian University of Technology,0.0
University of Delhi,0.0
De Montfort University,0.0
University of Deusto,-0.26064950755844407
École des Mines de Saint-Étienne,0.0
École normale supérieure Paris-Saclay,-0.2606495075584405
Edinburgh Napier University,0.0
Eötvös Loránd University,-0.2606495075584405
European University of Madrid,0.0
Ewha Womans University,-0.2606495075584405
Federal University of Minas Gerais,0.0
Federal University of Rio Grande do Sul,0.0
Federal University of Santa Catarina,0.0
Federal University of São Paulo (UNIFESP),0.0
Federal University of Sergipe (UFS),0.0
Gabriele d‘Annunzio University,-0.2606495075584405
University of Girona,-0.2606495075584405
Glasgow Caledonian University,0.0
University of Granada,-0.2606495075584405
University of Graz,0.0
University of Greenwich,0.0
Guangdong University of Technology,0.0
University of Haifa,0.0
Hamburg University of Technology,-0.2606495075584405
Huazhong Agricultural University,0.0
University of Huddersfield,0.0
University of Idaho,-0.2606495075584405
IDC Herzliya,0.0
Indian Institute of Science Education and Research Pune,0.0
Indian Institute of Science Education and Research Kolkata,0.0
Indian Institute of Technology Gandhinagar,0.0
Indian Institute of Technology Hyderabad,0.0
Indraprastha Institute of Information Technology Delhi,0.0
Universitat Internacional de Catalunya,0.0
University of International Business and Economics,0.0
University of Ioannina,-0.2606495075584405
ISCTE-University Institute of Lisbon,-0.26064950755844407
Isfahan University of Technology,0.0
Jamia Millia Islamia,0.0
Jaume I University,-0.26064950755844407
Jawaharlal Nehru University,0.0
Jiangsu Normal University,0.0
Jikei University School of Medicine,0.0
Jinan University,0.0
University of Johannesburg,0.0
Johannes Kepler University of Linz,0.0
Kafrelsheikh University,-0.19464146329539744
University of Kaiserslautern,-0.2606495075584476
Kansai Medical University,0.0
Kansas State University,-0.26064950755844407
Kazan Federal University,0.0
Universiti Kebangsaan Malaysia,-0.2606495075584405
Keio University,0.0
King George‘s Medical University,0.0
Kobe University,0.0
Konkuk University,-0.19464146329539744
University of Kurdistan,0.0
University of Lagos,-0.2606495075584405
Lakehead University,-0.2606495075584405
University of La Laguna,-0.2606495075584476
University of Latvia,0.0
Lehigh University,0.0
University of Lille,0.0
Lincoln University,0.0
University of Lleida,-0.26064950755844407
University of Lorraine,0.0
Mae Fah Luang University,-0.2606495075584405
Mahatma Gandhi University,0.0
Mahidol University,-0.2606495075584476
University of Malta,0.0
Manchester Metropolitan University,0.0
Marche Polytechnic University,0.0
University of Maryland Baltimore County,0.0
Masaryk University,0.0
Massey University,0.0
Metropolitan Autonomous University,0.0
Miguel Hernández University of Elche,0.0
University of Missouri-St Louis,0.0
University of Mohaghegh Ardabili,0.0
Montana State University,0.0
Monterrey Institute of Technology,0.0
University of Nairobi,-0.2606495075584405
Nanjing Agricultural University,0.0
Nanjing University of Information Science and Technology,0.0
Nanjing Medical University,0.0
Nanjing Tech University,0.0
University of Nantes,0.0
National Institute of Applied Sciences of Lyon (INSA Lyon),0.0
National University of Science and Technology (MISiS),0.0
National Taiwan Normal University,-0.2606495075584405
National Technical University of Athens,-0.26064950755844407
University of Nevada Las Vegas,0.0
New Mexico State University (Main campus),0.0
Nippon Medical School,0.0
University of North Carolina at Greensboro,0.0
Norwegian University of Life Sciences,0.0
Nottingham Trent University,0.0
Novosibirsk State University,-0.2606495075584405
Ohio University (Main campus),0.0
The Open University,-0.2606495075584405
Open University of Catalonia,-0.2606495075584476
Oxford Brookes University,0.0
Ozyegin University,-0.2606495075584405
Palacký University Olomouc,0.0
University of Palermo,0.0
Panjab University,0.0
Panthéon-Sorbonne University – Paris 1,-0.26064950755844407
University of Parma,-0.2606495075584405
Parthenope University of Naples,0.0
University of Pécs,-0.2606495075584405
Polytechnic University of Catalonia,0.0
Pontifical Catholic University of Rio de Janeiro (PUC-Rio),-0.2606495075584405
University of Pretoria,0.0
Universiti Putra Malaysia,0.0
Université du Québec,0.0
University of Rennes 1,0.0
University of Rhode Island,-0.2606495075584405
University of Rome III,0.0
Roskilde University,0.0
University of Rovira i Virgili,-0.2606495075584476
Ryerson University,-0.2606495075584405
Universiti Sains Malaysia,0.0
Saint Petersburg State University,-0.2606495075584405
University of Salento,0.0
San Diego State University,0.0
Savitribai Phule Pune University,0.0
Shahid Beheshti University,0.0
Shahid Beheshti University of Medical Sciences,0.0
Shandong University,0.0
University of Sharjah,0.0
Shiraz University of Technology,0.0
Sichuan University,0.0
University of Siegen,0.0
Southern Cross University,0.0
Southern Medical University,0.0
University of the Sunshine Coast,0.0
University of Tabriz,0.0
Tabriz University of Medical Sciences,0.0
Universiti Teknologi Malaysia,0.0
Universiti Teknologi Petronas,0.0
University of Texas at Arlington,-0.2606495075584405
Texas Tech University,-0.2606495075584476
Thapar University,0.0
University of Thessaly,-0.26064950755844407
University of Toledo,-0.2606495075584405
TU Braunschweig,0.0
University of Udine,-0.2606495075584476
University of Ulsan,0.0
Ulster University,0.0
Universiti Utara Malaysia,0.0
University of the Western Cape,0.0
Western Washington University,0.0
University of Windsor,0.0
University of Wisconsin-Milwaukee,0.0
Worcester Polytechnic Institute,0.0
University of Wuppertal,-0.19464146329539744
Xi‘an Jiaotong-Liverpool University,0.0
Yasouj University,0.0
Yokohama City University,0.0
University of the Aegean,0.0
University of Agriculture Faisalabad,0.0
University of Alcalá,0.0
University of Algarve,0.0
Aligarh Muslim University,0.0
American University in Cairo,0.0
American University of Sharjah,0.0
Amrita Vishwa Vidyapeetham,-0.2606495075584405
University of the Andes Colombia,0.0
Asia University Taiwan,-0.26064950755844407
Azarbaijan Shahid Madani University,0.0
University of the Basque Country,-0.26064950755844407
Baylor University,0.0
University of Bedfordshire,0.0
Beijing Jiaotong University,-0.2606495075584405
Benha University,-0.26064950755844407
Beni-Suef University,-0.26064950755844407
Bharathiar University,0.0
Bowling Green State University,0.0
University of Brasília,0.0
Capital Medical University,0.0
Cardiff Metropolitan University,0.0
Carlos III University of Madrid,0.0
University of Central Lancashire,0.0
Central Queensland University,0.0
University of Cergy-Pontoise,0.0
Chang Gung University,0.0
Charles Sturt University,0.0
Chiba University,0.0
University of Chile,-0.26064950755844407
China University of Geosciences Beijing,0.0
China University of Geosciences Wuhan,0.0
China University of Mining and Technology,0.0
Chonnam National University,0.0
University of Córdoba,-0.26064950755844407
Covenant University,0.0
University of Debrecen,0.0
Delhi Technological University,0.0
University of Derby,0.0
East China University of Science and Technology,0.0
Eastern Mediterranean University,0.0
University of East London,0.0
École Centrale de Lyon,0.0
Federal University of Pelotas,0.0
Federal University of Rio de Janeiro,0.0
Federation University Australia,0.0
Florida Agricultural and Mechanical University,0.0
Florida Atlantic University,-0.26064950755844407
Florida Institute of Technology,0.0
University of Foggia,0.0
Fu Jen Catholic University,0.0
Fuzhou University,0.0
Government College University Faisalabad,-0.2606495075584405
Guru Jambheshwar University of Science and Technology,0.0
University of Hertfordshire,0.0
Hiroshima University,0.0
Hyogo College of Medicine,0.0
Ilmenau University of Technology,0.0
Imam Abdulrahman Bin Faisal University,0.0
Indian Institute of Technology Bhubaneswar,0.0
Indian Institute of Technology (Indian School of Mines) Dhanbad,0.0
Indian Institute of Science Education and Research Bhopal,0.0
University of Indonesia,-0.2606495075584405
Inha University,0.0
Isfahan University of Medical Sciences,0.0
Istanbul University,0.0
Istanbul Technical University,-0.2606495075584405
Iuliu Haţieganu University of Medicine and Pharmacy Cluj-Napoca,-0.2606495075584405
Jadavpur University,0.0
University of Jaén,-0.2606495075584405
Jamia Hamdard University,0.0
Jiangsu University,-0.2606495075584405
Jilin University,0.0
University of Jordan,0.0
Juntendo University,0.0
Kaohsiung Medical University,0.0
Karabük University,0.0
Karlstad University,0.0
Kent State University,0.0
Kerman University of Medical Sciences,0.0
Kharkiv National University of Radio Electronics,0.0
Kindai University,0.0
King Mongkut’s University of Technology Thonburi,-0.26064950755844407
King Saud bin Abdulaziz University for Health Sciences,0.0
Kingston University,0.0
K.N. Toosi University of Technology,0.0
Kurume University,0.0
Kyoto Prefectural University of Medicine,0.0
Kyungpook National University,0.0
Lahore University of Management Sciences,-0.2606495075584405
University of Las Palmas de Gran Canaria,-0.2606495075584405
Lebanese American University,0.0
Leeds Beckett University,-0.26064950755844407
University of Leoben,0.0
University of Ljubljana,-0.2606495075584405
Louisiana Tech University,0.0
Lumière University Lyon 2,0.0
Marquette University,0.0
Medical University of Warsaw,0.0
University of Memphis,0.0
Miami University,0.0
Middle East Technical University,0.0
University of Minho,-0.2606495075584405
Mississippi State University,0.0
Nanjing Normal University,0.0
National Autonomous University of Mexico,-0.26064950755844407
National Central University,-0.26064950755844407
National Chengchi University,-0.19464146329539922
National Dong Hwa University,-0.26064950755844407
National Institute of Technology Rourkela,0.0
National University of Sciences and Technology,-0.2606495075584405
National Sun Yat-Sen University,-0.2606495075584405
National Taipei University of Technology,-0.2606495075584405
National Institute of Technology Silchar,0.0
The New School,-0.2606495075584405
University of New Brunswick UNB,0.0
University of Nicosia,0.0
Niigata University,0.0
Normandy University,-0.2606495075584405
Northeastern University,-0.26064950755844407
Northeast Normal University,0.0
University of Northern British Columbia (UNBC),0.0
NorthWest A&F University,0.0
Ocean University of China,0.0
Okayama University,0.0
Old Dominion University,0.0
University of Oran 1,-0.2606495075584405
Osmania University,0.0
University of Oviedo,0.0
Pablo de Olavide University,-0.26064950755844407
University of Peshawar,0.0
Polytechnic University of Valencia,-0.194641463295401
Pontifical Catholic University of Rio Grande do Sul (PUCRS),0.0
Portland State University,0.0
University of Puerto Rico,-0.26064950755844407
Pusan National University,-0.26064950755844407
University of Regina,0.0
Rikkyo University,-0.2606495075584405
Rochester Institute of Technology,-0.2606495075584405
University of Roehampton,0.0
RUDN University,-0.26064950755844407
Université Saint-Joseph de Beyrouth,0.0
University of Salamanca,-0.2606495075584405
University of Salford,0.0
University of Santiago de Compostela,-0.26064950755844407
São Paulo State University (UNESP),0.0
University of Science and Technology Beijing,0.0
University of Seville,-0.2606495075584405
Shanghai University,0.0
Shanghai University of Finance and Economics (SUFE),-0.2606495075584405
Shanghai Maritime University,-0.2606495075584405
Shantou University,0.0
Sheffield Hallam University,-0.2606495075584405
Shiraz University,0.0
Sidi Mohamed Ben Abdellah University,0.0
Sogang University,0.0
Sohag University,-0.26064950755844407
University of South Bohemia in České Budějovice,-0.2606495075584405
South China Normal University,0.0
University of South Dakota,0.0
Southern Illinois University Carbondale,0.0
University of Split,-0.2606495075584405
Sri Venkateswara University,0.0
Sultan Qaboos University,0.0
University of Szeged,0.0
Tallinn University,0.0
Tallinn University of Technology,0.0
Technical University of Madrid,-0.2606495075584405
Technological University Dublin,0.0
University of Technology of Compiègne,0.0
University of Technology of Troyes,0.0
Teesside University,-0.26064950755844407
Universiti Tenaga Nasional (UNITEN),-0.26064950755844407
University of Texas at El Paso,-0.26064950755844407
Tokyo Medical University,0.0
Tokyo Metropolitan University,0.0
Tomsk Polytechnic University,0.0
University of Tours,-0.2606495075584405
Tribhuvan University,-0.2606495075584405
Vietnam National University Hanoi,-0.2606495075584405
University of Vigo,-0.26064950755844407
Vilnius University,0.0
Vilnius Gediminas Technical University,-0.19464146329539744
VIT University,0.0
Volgograd State Technical University,0.0
University of Warsaw,-0.26064950755844407
Waseda University,-0.2606495075584405
Wenzhou University,0.0
University of Westminster,0.0
University of Wolverhampton,0.0
Wuhan University of Technology,0.0
Xidian University,0.0
Yangzhou University,0.0
Yeungnam University,0.0
University of Zaragoza,-0.2606495075584405
Zayed University,0.0
Zhejiang University of Technology,0.0
Acharya Nagarjuna University,0.0
Acıbadem University,0.0
University of A Coruña,0.0
Adam Mickiewicz University Poznań,0.0
Adolfo Ibáñez University,-0.26064950755844407
AGH University of Science and Technology,0.0
Aichi Medical University,0.0
Ain Shams University,0.0
Akdeniz University,0.0
Akita University,0.0
Aksaray University,0.0
Al-Azhar University,-0.19464146329539922
Alexandria University,-0.26064950755844407
Alexandru Ioan Cuza University,-0.2606495075584423
Al-Farabi Kazakh National University,0.0
University of Alicante,-0.26064950755844407
University of Almería,-0.26064950755844407
Alzahra University,0.0
Amity University,0.0
Anadolu University,0.0
University of the Andes Chile,-0.19464146329539744
University of the Andes Venezuela,-0.19464146329539744
Andhra University,0.0
Andrés Bello University (UNAB),-0.2606495075584405
Ankara University,0.0
Anna University,0.0
Annamalai University,0.0
University of Antioquia,-0.2606495075584405
Aoyama Gakuin University,0.0
Arak University,0.0
Ariel University,0.0
Assiut University,-0.2606495075584405
Atatürk University,0.0
Atılım University,-0.26064950755844407
Austral University of Chile,-0.19464146329539922
Autonomous University of Baja California,-0.2606495075584423
Autonomous University of Hidalgo State (UAEH),0.0
Autonomous University of Nuevo León,-0.26064950755844407
Autonomous University of Puebla,0.0
Autonomous University of Querétaro,0.0
Autonomous University of San Luis Potosi,0.0
Autonomous University of the State of Mexico,0.0
Autonomous University of Yucatán,0.0
Babeş-Bolyai University,-0.26064950755844407
University of Baghdad,0.0
Bahauddin Zakariya University,-0.26064950755844407
Bahçeşehir University,-0.19464146329540277
Banasthali University,0.0
Bandung Institute of Technology (ITB),-0.26064950755844407
Bangladesh University of Engineering and Technology,0.0
Bashkir State University,0.0
Başkent University,0.0
University of Basrah,-0.2606495075584423
Beijing Forestry University,0.0
Beijing University of Technology,0.0
University of Béjaïa,-0.26064950755844407
Belarusian State University,-0.19464146329539922
Belgorod State National Research University,-0.19464146329539744
Bezmiâlem Vakif University,0.0
University of Bío-Bío,-0.19464146329539833
University of Birjand,0.0
Birla Institute of Technology and Science Pilani,0.0
University of Biskra,-0.2606495075584405
Blida 1 University,-0.2606495075584405
Bolu Abant Izzet Baysal University,0.0
University of Botswana,0.0
University of Brawijaya,0.0
Brno University of Technology,-0.19464146329539744
Bu-Ali Sina University,0.0
University of Bucharest,0.0
Budapest University of Technology and Economics,-0.2606495075584405
Burapha University,0.0
University of Burgos,-0.2606495075584405
University of Cadiz,-0.26064950755844407
University of Calcutta,0.0
California State University Long Beach,-0.26064950755844407
Canterbury Christ Church University,-0.2606495075584405
Polytechnic University of Cartagena,-0.2606495075584405
University of Carthage,-0.26064950755844407
University of Castilla-La Mancha,-0.26064950755844407
The Catholic University of Korea,0.0
Catholic University of the North,-0.2606495075584405
Universidad Católica San Antonio de Murcia (UCAM),-0.26064950755844407
University of Caxias do Sul,0.0
Ceará State University,0.0
Central University of Finance and Economics,-0.2606495075584405
Chaoyang University of Technology,0.0
University of Chemistry and Technology Prague,-0.19464146329539922
University of Chester,-0.26064950755844407
Chiang Mai University,0.0
Chiba Institute of Technology,0.0
China Pharmaceutical University,0.0
Chubu University,0.0
Chungbuk National University,0.0
Chungnam National University,0.0
Chung Yuan Christian University,-0.2606495075584405
Chuo University,0.0
Cochin University of Science and Technology,0.0
University of Colombo,-0.26064950755844407
Comenius University in Bratislava,-0.2606495075584405
University of Concepción,-0.26064950755844407
University of Constantine 1,-0.2606495075584423
Corvinus University of Budapest,-0.2606495075584405
Cracow University of Technology,0.0
Cukurova University,0.0
Czech University of Life Sciences Prague (CULS),-0.2606495075584405
Czech Technical University in Prague,-0.26064950755844407
De La Salle University,0.0
Del Rosario University,-0.19464146329539744
Democritus University of Thrace,0.0
University of Dhaka,-0.26064950755844407
Diponegoro University,0.0
Dokkyo Medical University,0.0
Dokuz Eylül University,0.0
Doshisha University,0.0
Dunarea de Jos University of Galati,-0.2606495075584423
Duzce University,0.0
East Carolina University,0.0
University of Economics Prague,-0.26064950755844407
Edge Hill University,-0.26064950755844407
Ege University,0.0
Ehime University,0.0
The University of Electro-Communications,0.0
University of Engineering & Technology (UET) Lahore,-0.2606495075584405
Erciyes University,0.0
Eskişehir Osmangazi University,0.0
Far Eastern Federal University,-0.194641463295401
Fayoum University,-0.2606495075584405
Federal University of ABC (UFABC),-0.2606495075584405
Federal University of Alagoas,0.0
Federal University of Bahia,0.0
Federal University of Ceará (UFC),0.0
Federal University of Espírito Santo,0.0
Federal University of Goiás,0.0
Federal University of Health Sciences of Porto Alegre (UFCSPA),0.0
Federal University of Itajubá,0.0
Federal University of Juiz de Fora (UFJF),0.0
Federal University of Lavras,0.0
Federal University of Maranhão (UFMA),0.0
Federal University of Mato Grosso do Sul,0.0
Federal University of Ouro Preto,0.0
Federal University of Pará,0.0
Federal University of Paraí¬ba (UFPB),0.0
Federal University of Paraná (UFPR),0.0
Federal University of Pernambuco,0.0
Federal University of Piauí,0.0
Federal University of Rio Grande do Norte (UFRN),0.0
Federal Rural University of the Semi-Arid Region,0.0
Federal University of Santa Maria,0.0
Federal University of São Carlos,0.0
Federal University of Technology – Paraná,0.0
Federal University of Uberlândia,0.0
Federal University of Viçosa,0.0
Federico Santa María Technical University,0.0
Feng Chia University,0.0
Ferdowsi University of Mashhad,0.0
Fluminense Federal University,0.0
University of Fortaleza (UNIFOR),0.0
University of La Frontera,-0.26064950755844407
University of Fukui,0.0
Universitas Gadjah Mada,-0.26064950755844407
Gazi University,0.0
Gaziantep University,0.0
University of Gdańsk,0.0
Gdańsk University of Technology,0.0
Gebze Technical University,0.0
George Emil Palade University of Medicine Pharmacy Science and Technology of Targu Mures,-0.2606495075584423
University of Ghana,-0.19464146329539744
Gifu University,0.0
GITAM University,0.0
Government College University Lahore,-0.2606495075584423
Grigore T. Popa University of Medicine and Pharmacy,-0.2606495075584423
University of Guadalajara,-0.26064950755844407
University of Guanajuato,-0.2606495075584423
Guangxi University,0.0
Gubkin Russian State University of Oil and Gas,0.0
University of Guilan,0.0
Gunma University,0.0
Gyeongsang National University,0.0
Hakim Sabzevari University,0.0
Hallym University,0.0
Hamamatsu University School of Medicine,0.0
Hanoi University of Science and Technology,-0.26064950755844407
Hashemite University,-0.2606495075584423
Université Hassan II de Casablanca,0.0
University of Havana,-0.19464146329539922
Helwan University,-0.2606495075584405
Hosei University,0.0
University of Hradec Králové,-0.26064950755844407
Huaqiao University,-0.2606495075584405
University of Hyogo,0.0
Ibaraki University,0.0
Ibn Tofaïl University,0.0
Immanuel Kant Baltic Federal University,-0.2606495075584423
Incheon National University,0.0
Indian Institute of Technology Patna,0.0
Industrial University of Santander (UIS),-0.26064950755844407
IPB University,-0.26064950755844407
Irkutsk State University,0.0
University of Isfahan,0.0
I-Shou University,-0.26064950755844407
The Islamia University of Bahawalpur,-0.2606495075584405
Istanbul Medipol University,0.0
Ivane Javakhishvili Tbilisi State University,-0.1946414632954001
Ivan Franko National University of Lviv,-0.26064950755844407
Iwate University,0.0
Izmir Institute of Technology,0.0
James Madison University,0.0
Jan Evangelista Purkyně University,-0.26064950755844407
Jawaharlal Nehru Technological University Anantapur (JNTUA),0.0
Jeju National University,0.0
Jeonbuk National University,0.0
Jianghan University,0.0
Kagawa University,0.0
Kagoshima University,0.0
Kanagawa University,0.0
Kanazawa University,0.0
Kanazawa Medical University,0.0
Kangwon National University,0.0
Kansai University,0.0
Kasetsart University,-0.2606495075584405
Kaunas University of Technology,-0.26064950755844407
Kazan National Research Technical University,0.0
Kazan National Research Technological University,0.0
Kharazmi University,0.0
Khon Kaen University,0.0
KIIT University,0.0
King Faisal University,0.0
King Mongkut’s Institute of Technology Ladkrabang,0.0
King Mongkut's University of Technology North Bangkok,0.0
Kitasato University,0.0
KL University,0.0
Kochi University,0.0
Kochi University of Technology,0.0
Kogakuin University,0.0
Kookmin University,0.0
Universiti Kuala Lumpur,-0.2606495075584405
Kumamoto University,0.0
Kunming University of Science and Technology,0.0
Kuwait University,0.0
Kwansei Gakuin University,-0.26064950755844407
Kyoto Sangyo University,-0.2606495075584405
Kyoto Institute of Technology,0.0
Kyushu Institute of Technology (Kyutech),0.0
Latvia University of Life Sciences and Technologies,0.0
Lebanese University,0.0
University of León,-0.26064950755844407
University of Lethbridge,-0.2606495075584405
L.N. Gumilyov Eurasian National University,-0.2606495075584405
Lobachevsky State University of Nizhni Novgorod,0.0
University of Łódź,-0.2606495075584405
Lodz University of Technology,0.0
London South Bank University,0.0
Londrina State University,0.0
Lorestan University,0.0
University of Lucknow,0.0
Maharaja Sayajirao University of Baroda,0.0
Mahasarakham University,0.0
University of Malaga,-0.2606495075584405
Universiti Malaysia Perlis,0.0
Universiti Malaysia Sarawak (UNIMAS),-0.26064950755844407
Manipal Academy of Higher Education,0.0
University of Manouba,-0.26064950755844407
University of Maribor,-0.2606495075584405
Marmara University,0.0
University of Marrakech Cadi Ayyad,-0.26064950755844407
University of Mazandaran,0.0
Meiji University,0.0
Meijo University,0.0
Mendel University in Brno,-0.19464146329540277
Menoufia University,-0.2606495075584405
M'Hamed Bougara University of Boumerdès,-0.2606495075584423
Michoacán University of San Nicolás of Hidalgo,-0.2606495075584423
Mie University,0.0
Ming Chuan University,-0.2606495075584423
Minia University,-0.26064950755844407
MIREA - Russian Technological University,0.0
University of Miskolc,0.0
University of Miyazaki,0.0
Mohammed V University of Rabat,0.0
University of Monastir,-0.26064950755844407
University of Montenegro,-0.19464146329539833
Morgan State University,-0.26064950755844407
Moscow Aviation Institute,0.0
Moscow Power Engineering Institute,-0.26064950755844407
Multimedia University,-0.26064950755844407
University of Mumbai,0.0
University of Murcia,-0.26064950755844407
Muroran Institute of Technology,0.0
University of Mysore,-0.2606495075584405
Universidad Nacional del Litoral,0.0
Nagaoka University of Technology,-0.2606495075584405
Nagasaki University,0.0
Nagoya City University,0.0
Nagoya Institute of Technology,0.0
Nanjing University of Aeronautics and Astronautics,0.0
Nara Medical University,0.0
Naresuan University,-0.19464146329539922
National Changhua University of Education,0.0
National Chiayi University,0.0
National Chi Nan University,0.0
National Chin-Yi University of Technology,0.0
National Chung Cheng University,0.0
National Chung Hsing University,0.0
National University of Colombia,-0.26064950755844407
National University of Córdoba,-0.26064950755844407
National University of Cuyo,-0.26064950755844407
National Ilan University,-0.26064950755844407
National Institute of Technology Tiruchirappalli,0.0
National University of Kaohsiung,0.0
National Polytechnic University (IPN),0.0
National Research University of Electronic Technology (MIET),0.0
National Research Saratov State University,0.0
National University of San Martín,-0.2606495075584405
National Taipei University,0.0
National Taiwan Ocean University,0.0
National Technical University Kharkiv Polytechnic Institute,0.0
National Technical University of Ukraine – Igor Sikorsky Kyiv Polytechnic Institute,0.0
National Yunlin University of Science and Technology,-0.2606495075584405
Nicolaus Copernicus University in Toruń,0.0
University of Nigeria Nsukka,0.0
Slovak University of Agriculture in Nitra,-0.2606495075584423
University of North Carolina Wilmington,0.0
North China Electric Power University,0.0
University of the North Colombia,-0.26064950755844407
North-Eastern Federal University,-0.2606495075584423
Northwest University,0.0
University of Novi Sad,-0.26064950755844407
Novosibirsk State Technical University,-0.26064950755844407
Oakland University,0.0
Obafemi Awolowo University,-0.26064950755844407
Ochanomizu University,0.0
Oita University,0.0
Omsk State Technical University,0.0
Ondokuz Mayis University,0.0
Osaka City University,0.0
Osaka Institute of Technology,0.0
Osaka Medical College,0.0
Osaka Prefecture University,0.0
University of Ostrava,-0.26064950755844407
Padjadjaran University,0.0
University of Pardubice,0.0
Paris Nanterre University,-0.2606495075584405
University of Patras,-0.2606495075584405
Pavol Jozef Šafárik University in Košice,-0.2606495075584405
Perm National Research Polytechnic University,0.0
Perm State University,0.0
Pirogov Russian National Research Medical University,0.0
PMAS Arid Agriculture University Rawalpindi,-0.26064950755844407
Polytechnic Institute of Porto,0.0
Polytechnic University of Bucharest,0.0
Polytechnic University of Timişoara,0.0
Pondicherry University,0.0
Pontifical Bolivarian University (UPB) – Medellín,-0.2606495075584423
Pontifical Catholic University of Minas Gerais,0.0
Pontifical Catholic University of Paraná,0.0
Pontifical Catholic University of Peru,-0.2606495075584405
Pontifical Catholic University of Valparaíso,-0.194641463295401
Port Said University,-0.26064950755844407
Prince of Songkla University,0.0
PSG College of Technology,0.0
Public University of Navarre,-0.2606495075584405
University of the Punjab,0.0
Qassim University,0.0
Razi University,0.0
Recep Tayyip Erdoğan University,0.0
University Rey Juan Carlos,-0.26064950755844407
Riga Technical University,-0.26064950755844407
Rio de Janeiro State University (UERJ),0.0
Ritsumeikan University,-0.26064950755844407
Robert Gordon University,0.0
Russian Presidential Academy of National Economy and Public Administration,0.0
Ryukoku University,0.0
University of the Ryukyus,0.0
University of La Sabana,-0.26064950755844407
Saga University,0.0
Saitama University,-0.26064950755844407
Saitama Medical University,0.0
Sakarya University,0.0
Samara University,0.0
Samara State Technical University,0.0
San Sebastián University,-0.19464146329539833
Santa Catarina State University,0.0
University of Santiago Chile (USACH),-0.19464146329539744
Sapporo Medical University,0.0
University of Sargodha,-0.2606495075584405
SASTRA University,0.0
Satbayev University,-0.19464146329539744
Sathyabama Institute of Science and Technology,0.0
Saveetha University,-0.2606495075584423
University of Sciences and Technology Houari Boumediene,-0.2606495075584423
University of Science and Technology of Oran Mohamed-Boudiaf,-0.2606495075584423
Sechenov University,-0.26064950755844407
Selçuk University,0.0
Semnan University,0.0
University of Seoul,0.0
Seoul National University of Science and Technology (SeoulTech),0.0
University of Sfax,-0.26064950755844407
Shahed University,0.0
Shahid Bahonar University of Kerman,0.0
Shahid Chamran University of Ahvaz,0.0
Shahid Rajaee Teacher Training University,0.0
Shahrekord University,0.0
Shahrood University of Technology,0.0
Shibaura Institute of Technology Tokyo,0.0
Shiga University of Medical Science,0.0
Shimane University,0.0
Shinshu University,0.0
Shiraz University of Medical Sciences,0.0
Shizuoka University,0.0
University of Shizuoka,0.0
Showa University,0.0
Siberian Federal University,-0.26064950755844407
Siksha ‘O’ Anusandhan,0.0
University of Silesia in Katowice,0.0
Silesian University of Technology,0.0
Silpakorn University,0.0
Simón Bolívar University,-0.2606495075584405
University of Sistan and Baluchestan,0.0
Slovak University of Technology in Bratislava,0.0
Sofia University,-0.26064950755844407
University of Sonora,-0.2606495075584423
Soongsil University,0.0
Sophia University,-0.2606495075584405
University of Sousse,-0.26064950755844407
University of South Africa,0.0
University of South China,0.0
Southern Federal University,0.0
South Ural State University,0.0
South Valley University,-0.26064950755844407
University of South Wales,0.0
Southwest Jiaotong University,0.0
Srinakharinwirot University,0.0
SRM Institute of Science and Technology,0.0
Staffordshire University,-0.2606495075584405
State University of Maringá,0.0
State University of Ponta Grossa,0.0
State University of Santa Cruz,0.0
St Marianna University School of Medicine,0.0
St Petersburg Electrotechnical University (LETI),-0.2606495075584405
Süleyman Demirel University,0.0
Suranaree University of Technology,0.0
SWPS University of Social Sciences and Humanities,-0.26064950755844407
Szent István University,-0.26064950755844407
University of Talca,-0.26064950755844407
Tamil Nadu Agricultural University,0.0
Tamkang University,-0.26064950755844407
Tanta University,-0.26064950755844407
University of Tarapacá,-0.26064950755844407
Taras Shevchenko National University of Kyiv,-0.26064950755844407
Technical University of Cluj-Napoca,0.0
Technical University of Košice,-0.19464146329539744
Technical University of Liberec,-0.1946414632954001
University of Technology Iraq,0.0
Universiti Teknikal Malaysia Melaka,-0.2606495075584423
Universiti Teknologi MARA,0.0
Institut Teknologi Sepuluh Nopember,-0.2606495075584405
Telkom University,0.0
Texas State University,0.0
Tezpur University,0.0
Thammasat University,-0.2606495075584405
University of Tlemcen,-0.2606495075584423
TOBB University of Economics and Technology,0.0
Toho University,0.0
Tokai University,0.0
Tokat Gaziosmanpaşa University,0.0
Tokushima University,0.0
Tokyo University of Agriculture,0.0
Tokyo University of Agriculture and Technology,0.0
Tokyo City University,0.0
Tokyo Denki University,0.0
Tokyo University of Marine Science and Technology,0.0
Tokyo University of Science,0.0
Tomas Bata University in Zlín,-0.26064950755844407
Tomsk State University of Control Systems and Radioelectronics,-0.2606495075584405
Tottori University,0.0
University of Toyama,0.0
Toyo University,-0.2606495075584423
Toyohashi University of Technology (TUT),0.0
Transilvania University of Brașov,0.0
University of Trás-os-Montes and Alto Douro,-0.26064950755844407
Tshwane University of Technology,-0.26064950755844407
Tunghai University,-0.2606495075584423
University of Tunis El Manar,-0.26064950755844407
Tzu Chi University,0.0
Ufa State Aviation Technical University,0.0
Umm Al-Qura University,0.0
Unisinos University,0.0
Ural Federal University,-0.26064950755844407
Urmia University,0.0
Utsunomiya University,0.0
University of Valladolid,-0.2606495075584405
University of Valparaíso,-0.26064950755844407
University of Veterinary and Animal Sciences Lahore,-0.26064950755844407
Vietnam National University (Ho Chi Minh City),-0.19464146329539922
Visvesvaraya National Institute of Technology Nagpur,0.0
V.N. Karazin Kharkiv National University,-0.19464146329539744
Voronezh State University,-0.2606495075584423
VSB - Technical University of Ostrava,-0.19464146329539922
Vytautas Magnus University,0.0
Warsaw University of Life Sciences – SGGW,0.0
Warsaw University of Technology,0.0
Wenzhou Medical University,0.0
University of West Bohemia,0.0
Western Michigan University,-0.26064950755844407
Western Paraná State University (Unioeste),0.0
West University of Timişoara,0.0
Wrocław University of Environmental and Life Sciences,0.0
Wrocław University of Science and Technology,0.0
University of Wrocław,-0.2606495075584405
Xiangtan University,0.0
Yamagata University,0.0
Yamaguchi University,0.0
University of Yamanashi,0.0
Yanshan University,0.0
Yarmouk University,-0.19464146329539922
Yazd University,0.0
Yeditepe University,0.0
Yıldız Technical University,0.0
Yokohama National University,0.0
Yuan Ze University,0.0
Yuriy Fedkovych Chernivtsi National University,0.0
Zagazig University,-0.26064950755844407
University of Zagreb,0.0
University of Žilina,0.0
